Algebra and Trigonometry,Chapter Review,"On this page you will discover Key Equations for OpenStax's Algebra and Trigonometry free college textbook."
Algebra and Trigonometry,Chapter Review,"On this page you will discover Key Concepts for OpenStax's Algebra and Trigonometry free college textbook."
Algebra and Trigonometry,Introduction to Functions,"Toward the end of the twentieth century, the values of stocks of Internet and technology companies rose dramatically. As a result, the Standard and Poor’s "
Algebra and Trigonometry,Preface,"Welcome to Algebra and Trigonometry, an OpenStax resource. This textbook was written to increase student access to high-quality learning materials, maintai"
Algebra and Trigonometry,Chapter Review,"On this page you will discover Key Terms for OpenStax's Algebra and Trigonometry free college textbook."
Algebra and Trigonometry,Introduction to Prerequisites,"It’s a cold day in Antarctica. In fact, it’s always a cold day in Antarctica. Earth’s southernmost continent, Antarctica experiences the coldest, driest, a"
Algebra and Trigonometry,Introduction to Equations and Inequalities,"For most people, the term territorial possession indicates restrictions, usually dealing with trespassing or rite of passage and takes place in some foreig"
Algebra and Trigonometry,Chapter Review,"On this page you will discover Key Equations for OpenStax's Algebra and Trigonometry free college textbook."
Algebra and Trigonometry,Introduction to Polynomial and Rational Functions,"Digital photography has dramatically changed the nature of photography. No longer is an image etched in the emulsion on a roll of film. Instead, nearly eve"
Algebra and Trigonometry,Chapter Review,"On this page you will discover Key Concepts for OpenStax's Algebra and Trigonometry free college textbook."
Algebra and Trigonometry,Chapter Review,"On this page you will discover Key Equations for OpenStax's Algebra and Trigonometry free college textbook."
Algebra and Trigonometry,Exercises,"On this page you will discover Practice Test for OpenStax's Algebra and Trigonometry free college textbook."
Algebra and Trigonometry,Exercises,"On this page you will discover Review Exercises for OpenStax's Algebra and Trigonometry free college textbook."
Algebra and Trigonometry,Chapter Review,"On this page you will discover Key Terms for OpenStax's Algebra and Trigonometry free college textbook."
Algebra and Trigonometry,Chapter Review,"On this page you will discover Key Equations for OpenStax's Algebra and Trigonometry free college textbook."
Algebra and Trigonometry,Introduction to Linear Functions,"Imagine placing a plant in the ground one day and finding that it has doubled its height just a few days later. Although it may seem incredible, this can h"
Algebra and Trigonometry,Introduction to Exponential and Logarithmic Functions,"Focus in on a square centimeter of your skin. Look closer. Closer still. If you could look closely enough, you would see hundreds of thousands of microscop"
Algebra and Trigonometry,Chapter Review,"On this page you will discover Key Terms for OpenStax's Algebra and Trigonometry free college textbook."
Algebra and Trigonometry,Chapter Review,"On this page you will discover Key Terms for OpenStax's Algebra and Trigonometry free college textbook."
Algebra and Trigonometry,Introduction to Trigonometric Identities and Equations,"Math is everywhere, even in places we might not immediately recognize. For example, mathematical relationships describe the transmission of images, light, "
Algebra and Trigonometry,Introduction to The Unit Circle: Sine and Cosine Functions,"Life is dense with phenomena that repeat in regular intervals. Each day, for example, the tides rise and fall in response to the gravitational pull of the "
Algebra and Trigonometry,Exercises,"On this page you will discover Review Exercises for OpenStax's Algebra and Trigonometry free college textbook."
Algebra and Trigonometry,Exercises,"On this page you will discover Review Exercises for OpenStax's Algebra and Trigonometry free college textbook."
Algebra and Trigonometry,Exercises,"On this page you will discover Practice Test for OpenStax's Algebra and Trigonometry free college textbook."
Algebra and Trigonometry,Chapter Review,"On this page you will discover Key Terms for OpenStax's Algebra and Trigonometry free college textbook."
Algebra and Trigonometry,Introduction to Periodic Functions,"Each day, the sun rises in an easterly direction, approaches some maximum height relative to the celestial equator, and sets in a westerly direction. The c"
Algebra and Trigonometry,Chapter Review,"On this page you will discover Key Terms for OpenStax's Algebra and Trigonometry free college textbook."
Algebra and Trigonometry,Chapter Review,"On this page you will discover Key Concepts for OpenStax's Algebra and Trigonometry free college textbook."
Algebra and Trigonometry,Exercises,"On this page you will discover Review Exercises for OpenStax's Algebra and Trigonometry free college textbook."
Algebra and Trigonometry,Chapter Review,"On this page you will discover Key Concepts for OpenStax's Algebra and Trigonometry free college textbook."
Algebra and Trigonometry,Chapter Review,"On this page you will discover Key Concepts for OpenStax's Algebra and Trigonometry free college textbook."
Algebra and Trigonometry,Exercises,"On this page you will discover Review Exercises for OpenStax's Algebra and Trigonometry free college textbook."
Algebra and Trigonometry,Chapter Review,"On this page you will discover Key Terms for OpenStax's Algebra and Trigonometry free college textbook."
Algebra and Trigonometry,Chapter Review,"On this page you will discover Key Concepts for OpenStax's Algebra and Trigonometry free college textbook."
Algebra and Trigonometry,Exercises,"On this page you will discover Practice Test for OpenStax's Algebra and Trigonometry free college textbook."
Algebra and Trigonometry,Exercises,"On this page you will discover Practice Test for OpenStax's Algebra and Trigonometry free college textbook."
Algebra and Trigonometry,Chapter Review,"On this page you will discover Key Equations for OpenStax's Algebra and Trigonometry free college textbook."
Algebra and Trigonometry,Chapter Review,"On this page you will discover Key Equations for OpenStax's Algebra and Trigonometry free college textbook."
Algebra and Trigonometry,Chapter Review,"On this page you will discover Key Equations for OpenStax's Algebra and Trigonometry free college textbook."
Algebra and Trigonometry,Chapter Review,"On this page you will discover Key Equations for OpenStax's Algebra and Trigonometry free college textbook."
Algebra and Trigonometry,Chapter Review,"On this page you will discover Key Equations for OpenStax's Algebra and Trigonometry free college textbook."
Algebra and Trigonometry,Introduction to Further Applications of Trigonometry,"The world’s largest tree by volume, named General Sherman, stands 274.9 feet tall and resides in Northern California.27 Just how do scientists know its tru"
Algebra and Trigonometry,Introduction to Systems of Equations and Inequalities,"At the start of the Second World War, British military and intelligence officers recognized that defeating Nazi Germany would require the Allies to know wh"
Algebra and Trigonometry,Exercises,"On this page you will discover Practice Test for OpenStax's Algebra and Trigonometry free college textbook."
Algebra and Trigonometry,Chapter Review,"On this page you will discover Key Concepts for OpenStax's Algebra and Trigonometry free college textbook."
Algebra and Trigonometry,Chapter Review,"On this page you will discover Key Terms for OpenStax's Algebra and Trigonometry free college textbook."
Algebra and Trigonometry,Chapter Review,"On this page you will discover Key Terms for OpenStax's Algebra and Trigonometry free college textbook."
Algebra and Trigonometry,Chapter Review,"On this page you will discover Key Concepts for OpenStax's Algebra and Trigonometry free college textbook."
Algebra and Trigonometry,Chapter Review,"On this page you will discover Key Concepts for OpenStax's Algebra and Trigonometry free college textbook."
Algebra and Trigonometry,Chapter Review,"On this page you will discover Key Terms for OpenStax's Algebra and Trigonometry free college textbook."
Algebra and Trigonometry,Chapter Review,"On this page you will discover Key Terms for OpenStax's Algebra and Trigonometry free college textbook."
Algebra and Trigonometry,Exercises,"On this page you will discover Review Exercises for OpenStax's Algebra and Trigonometry free college textbook."
Algebra and Trigonometry,Exercises,"On this page you will discover Review Exercises for OpenStax's Algebra and Trigonometry free college textbook."
Algebra and Trigonometry,Exercises,"On this page you will discover Practice Test for OpenStax's Algebra and Trigonometry free college textbook."
Algebra and Trigonometry,Chapter Review,"On this page you will discover Key Concepts for OpenStax's Algebra and Trigonometry free college textbook."
Algebra and Trigonometry,Exercises,"On this page you will discover Practice Test for OpenStax's Algebra and Trigonometry free college textbook."
Algebra and Trigonometry,Exercises,"On this page you will discover Practice Test for OpenStax's Algebra and Trigonometry free college textbook."
Algebra and Trigonometry,Exercises,"On this page you will discover Practice Test for OpenStax's Algebra and Trigonometry free college textbook."
Algebra and Trigonometry,Exercises,"On this page you will discover Practice Test for OpenStax's Algebra and Trigonometry free college textbook."
Algebra and Trigonometry,Polynomials,"In this section students will:"
Algebra and Trigonometry,Rational Expressions,"In this section students will:"
Algebra and Trigonometry,Exercises,"On this page you will discover Practice Test for OpenStax's Algebra and Trigonometry free college textbook."
Algebra and Trigonometry,Exercises,"On this page you will discover Review Exercises for OpenStax's Algebra and Trigonometry free college textbook."
Algebra and Trigonometry,Complex Numbers,"Discovered by Benoit Mandelbrot around 1980, the Mandelbrot Set is one of the most recognizable fractal images. The image is built on the theory of self-si"
